"applicant_id","application_created_at","submitted_at"
"6889992485","2017-09-20","2017-09-20"
"9661824773","2017-08-30",
"10901109380","2017-09-17",
"4654038743","2017-08-29","2017-08-29"
"10334260734","2017-08-13",
"10677034998","2017-09-26",
"10756434754","2017-07-11","2017-07-11"
"6772779398","2017-07-25","2017-07-25"
"10926186768","2017-09-26",
"10808708826","2017-08-02",
"10920649970","2017-09-24",
"4660478614","2017-07-25","2017-07-25"
"8819147056","2017-08-03",
"10810640604","2017-08-04",
"9897818936","2017-08-03","2017-08-03"
"296728463","2017-09-16",
"u3436831","2017-07-27",
"10840510878","2017-08-16",
"292656607","2017-07-03","2017-07-03"
"293900449","2017-07-26",
"u71178","2017-06-29","2017-07-30"
"u10604962","2017-08-02",
"10446557185","2017-09-15",
"10667646931","2017-08-23","2017-08-23"
"10709841060","2017-07-21",
"10826192081","2017-08-10",
"10489062877","2017-08-02","2017-08-02"
"10066918616","2017-07-06",
"10743429414","2017-09-14",
"10825949604","2017-08-09","2017-08-09"
"10732577215","2017-06-29",
"4382612789","2017-07-05",
"3528008877","2017-07-20","2017-07-20"
"10859069818","2017-08-30",
"10926305204","2017-09-26",
"299930040","2017-09-23",
"5101740166","2017-07-14",
"10907534223","2017-09-14","2017-09-14"
"10446616606","2017-08-06","2017-09-19"
"3431628743","2017-09-21","2017-09-21"
"683038657","2017-07-24",
"u7095168","2017-07-17","2017-07-17"
"10880420186","2017-09-08","2017-09-08"
"10863961773","2017-09-17","2017-09-17"
"864179760","2017-09-23",
"5402548619","2017-07-27",
"7422137652","2017-08-21",
"10368851989","2017-08-30","2017-08-31"
"10785852922","2017-08-16",
"10710209196","2017-07-04",
"10521532522","2017-08-14",
"10889962725","2017-09-10",
"10693934766","2017-08-16",
"10741979146","2017-07-27","2017-07-30"
"10676146527","2017-08-11",
"8534719519","2017-06-21",
"10770687551","2017-07-25","2017-07-25"
"10833060688","2017-08-14",
"10919433384","2017-09-21","2017-09-21"
"10777523106","2017-07-21","2017-07-21"
"10674209434","2017-07-04",
"7122506203","2017-07-10","2017-07-10"
"9450320666","2017-08-28","2017-08-28"
"5242983516","2017-08-18",
"10897359538","2017-09-11",
"9656194369","2017-07-24",
"1854998918","2017-06-22","2017-07-31"
"10338679655","2017-09-03","2017-09-03"
"6379193569","2017-07-12","2017-07-12"
"3866908586","2017-07-04",
"u19286379","2017-08-06",
"10761668935","2017-07-12",
"10877844878","2017-09-02","2017-09-02"
"u34676635","2017-08-18","2017-08-18"
"10909639195","2017-09-14",
"10163665511","2017-09-19",
"10870229277","2017-09-06",
"10762451376","2017-07-15",
"10757750524","2017-07-14","2017-07-14"
"10583633207","2017-09-25","2017-09-27"
"5721448641","2017-07-14","2017-07-17"
"10299908701","2017-08-07",
"10396029946","2017-09-07","2017-09-07"
"10775250025","2017-07-22","2017-07-22"
"4212398853","2017-08-10","2017-08-11"
"10752665715","2017-07-11",
"10825203759","2017-08-10",
"10740115286","2017-07-04",
"10752071499","2017-07-14",
"9229225481","2017-06-30","2017-06-30"
"10863550365","2017-08-28","2017-08-28"
"u2349036","2017-08-31",
"4925358545","2017-07-12",
"10297205486","2017-08-27",
"u13275065","2017-06-26","2017-06-28"
"10926151883","2017-09-21","2017-09-21"
"10663023813","2017-08-23","2017-08-23"
"10868029160","2017-09-05",
"3750738581","2017-09-20",
"10430284152","2017-08-14","2017-08-14"
"10564987613","2017-08-06","2017-08-06"
"3651738633","2017-07-25",
"10573532395","2017-08-25",
"3202798558","2017-07-13",
"8310542693","2017-09-20","2017-09-20"
"10724382197","2017-06-24",
"10362461603","2017-08-28",
"u30764115","2017-08-03",
"6489978594","2017-08-16",
"10826175804","2017-08-12",
"10762420263","2017-07-17","2017-07-17"
"3322778814","2017-07-19",
"10845374666","2017-09-17","2017-09-17"
"724188547","2017-07-01","2017-07-01"
"5600298682","2017-06-26","2017-06-26"
"10825419258","2017-09-07","2017-09-07"
"10749390346","2017-07-05",
"10730515590","2017-06-23","2017-06-23"
"10926286527","2017-09-27",
"10905390163","2017-09-17",
"10772467107","2017-07-24","2017-07-24"
"1650959380","2017-08-19","2017-08-19"
"10469851633","2017-07-01",
"94153648","2017-09-12","2017-09-12"
"4149608569","2017-06-27","2017-06-27"
"10730735966","2017-07-31",
"u7262","2017-07-21",
"u18412484","2017-07-07","2017-07-07"
"6681499154","2017-07-09",
"10846848955","2017-08-18",
"8462234393","2017-09-07",
"10681729842","2017-07-05",
"8861022187","2017-09-01","2017-09-01"
"2693488586","2017-08-23",
"7429850962","2017-09-01",
"u48165070","2017-06-26",
"10787046167","2017-09-12",
"10157091649","2017-09-19",
"6701053304","2017-07-29","2017-07-29"
"10757494156","2017-07-27","2017-07-27"
"u37549581","2017-07-25",
"10908578609","2017-09-11",
"10725415729","2017-06-28",
"9644869961","2017-09-22",
"10815496762","2017-08-25",
"10771790292","2017-07-20","2017-07-21"
"8722414446","2017-08-02","2017-08-02"
"10731602287","2017-06-21","2017-06-21"
"10864196985","2017-09-02",
"9943978878","2017-09-15","2017-09-17"
"u17886713","2017-07-27",
"10416428911","2017-07-21",
"5165788599","2017-08-30",
"4295620991","2017-06-23",
"10466054037","2017-07-15",
"9900449221","2017-07-04",
"10747016299","2017-07-07",
"10759828652","2017-08-05",
"9537499228","2017-09-05",
"10826860121","2017-08-17",
"u208547","2017-08-23",
"10607897580","2017-09-17","2017-09-17"
"3901358770","2017-09-13",
"10741945445","2017-07-04",
"10763082888","2017-07-18",
"u20617398","2017-08-13",
"10734579483","2017-06-24",
"10304504586","2017-07-27",
"10849281108","2017-08-23",
"3083928614","2017-09-04",
"1928499001","2017-06-24",
"9476024303","2017-09-03",
"10728154668","2017-06-22",
"5027587903","2017-09-18",
"6064850711","2017-08-09",
"3308238704","2017-07-25","2017-07-25"
"10453162220","2017-06-26",
"10917929813","2017-09-19",
"10846011996","2017-08-19","2017-08-19"
"u49418309","2017-08-09",
"4981778557","2017-08-24",
"u9935593","2017-09-24",
"10911377083","2017-09-22",
"10838126875","2017-09-06","2017-09-06"
"10917082923","2017-09-19","2017-09-19"
"9162854452","2017-06-27",
"10901881418","2017-09-12",
"10835051216","2017-08-14",
"10662986268","2017-06-26","2017-06-26"
"10925667538","2017-09-20","2017-09-20"
"10490863523","2017-07-11",
"3562328860","2017-08-11",
"10778865855","2017-07-24","2017-07-24"
"10044808827","2017-09-04","2017-09-05"
"3372508543","2017-08-21","2017-08-21"
"9049680709","2017-07-26","2017-07-26"
"10221277196","2017-08-24",
"8702370212","2017-07-09","2017-07-09"
"10887474379","2017-09-18",
"10770942044","2017-07-21",
"u49576952","2017-07-17","2017-07-17"
"643259053","2017-09-11","2017-09-11"
"6385188707","2017-09-24",
"10703780619","2017-07-19",
"u717042","2017-07-27","2017-08-01"
"10855676448","2017-09-20","2017-09-20"
"6648777179","2017-07-06","2017-07-06"
"10847031548","2017-08-21",
"10458529226","2017-07-24","2017-07-24"
"4299039985","2017-07-26","2017-07-26"
"10663055058","2017-09-17",
"10884509624","2017-09-08",
"10269249122","2017-07-22",
"7035935253","2017-07-05",
"10078130291","2017-06-20",
"10728267332","2017-07-01","2017-07-01"
"10505490490","2017-06-26","2017-07-07"
"4620908538","2017-09-26","2017-09-26"
"10884350293","2017-09-18",
"3314968640","2017-09-07",
"10503030063","2017-09-17",
"2570978548","2017-08-06","2017-08-06"
"10620835053","2017-06-29","2017-06-29"
"10579382402","2017-09-10",
"10331474351","2017-09-14",
"10773968709","2017-07-19","2017-07-19"
"10920685844","2017-09-21",
"4282327395","2017-08-24","2017-08-24"
"10902140669","2017-09-12","2017-09-12"
"10731099053","2017-07-07",
"10693078586","2017-07-08",
"10767375455","2017-08-15",
"10741949807","2017-07-06","2017-07-25"
"10770244200","2017-08-28","2017-08-28"
"10207068593","2017-09-20","2017-09-20"
"8899131485","2017-07-22",
"9941371343","2017-09-06",
"10650816241","2017-08-20","2017-08-20"
"10692025902","2017-07-12",
"3493978585","2017-07-10",
"10843243283","2017-08-21",
"6311144552","2017-08-30","2017-09-08"
"10753030424","2017-07-13","2017-07-13"
"6026308750","2017-07-17",
"10884555039","2017-09-08",
"6823180370","2017-08-23","2017-08-23"
"10581133426","2017-09-04","2017-09-04"
"803508702","2017-07-10","2017-07-10"
"6592406447","2017-07-25","2017-07-26"
"10778499076","2017-07-31","2017-07-31"
"10678631032","2017-09-03",
"4381210415","2017-07-20",
"10823066929","2017-08-12","2017-08-16"
"u74443","2017-09-13","2017-09-13"
"4409178588","2017-07-12",
"u3366270","2017-07-24",
"10505772913","2017-09-14","2017-09-14"
"4416918648","2017-07-01",
"8800249140","2017-09-11",
"10743689813","2017-06-30","2017-06-30"
"3280198600","2017-09-17","2017-09-17"
"10399985870","2017-07-23",
"10438332948","2017-09-22",
"5034783349","2017-08-25",
"10007824085","2017-07-20","2017-07-21"
"10849481934","2017-08-20",
"10374630356","2017-07-27",
"10734550597","2017-06-25",
"u186212","2017-09-23","2017-09-23"
"9893331305","2017-07-07",
"7150952811","2017-08-17",
"238685101","2017-08-01",
"10794780828","2017-07-29","2017-07-29"
"10920512122","2017-09-20","2017-09-20"
"10872609138","2017-09-09",
"8834118997","2017-06-22",
"10485130036","2017-08-23",
"7026802373","2017-06-29","2017-06-29"
"10776788609","2017-07-19","2017-07-19"
"6727738710","2017-08-11","2017-09-18"
"10834137923","2017-08-21",
"4369684417","2017-07-26","2017-07-26"
"8615869513","2017-09-27",
"4159018736","2017-07-19","2017-07-19"
"733138962","2017-08-03",
"10911092697","2017-09-18",
"10733780357","2017-09-15",
"8183968794","2017-07-05",
"10469959903","2017-09-12",
"10844556478","2017-08-17",
"10755619148","2017-07-25",
"10781485932","2017-07-25","2017-07-27"
"10909333921","2017-09-18","2017-09-18"
"440208583","2017-06-24","2017-06-24"
"10651579194","2017-08-06",
"10929589587","2017-09-24",
"6011172139","2017-07-16",
"9166905928","2017-08-08",
"10861291917","2017-08-31",
"10855261806","2017-08-24",
"4497799155","2017-09-12",
"8608294857","2017-09-06",
"10748028639","2017-09-05","2017-09-05"
"5783370342","2017-06-22","2017-06-22"
"4745400146","2017-08-14",
"4578097540","2017-07-16",
"10312819409","2017-09-10",
"10916982565","2017-09-19","2017-09-19"
"10861418537","2017-08-29",
"9943871350","2017-06-28",
"10817494539","2017-08-25","2017-08-30"
"10691550645","2017-06-23",
"8306964748","2017-09-24",
"10664823552","2017-06-22",
"8862090505","2017-07-25","2017-07-25"
"10775548929","2017-07-19",
"10278420134","2017-08-22","2017-08-22"
"10812268653","2017-09-21","2017-09-21"
"5362448835","2017-06-22",
"10441923892","2017-08-05",
"3832468537","2017-06-22","2017-06-22"
"5602086559","2017-07-30",
"5602277711","2017-09-07","2017-09-17"
"10884748316","2017-09-07",
"10779934059","2017-08-05","2017-08-05"
"10740395960","2017-07-05",
"106933587","2017-06-22",
"967498659","2017-08-14",
"10900329111","2017-09-17","2017-09-17"
"9626550841","2017-06-23","2017-06-23"
"10749295634","2017-07-23","2017-07-24"
"3507999488","2017-09-21",
"10888259822","2017-09-23",
"10844166599","2017-08-26","2017-08-26"
"3976798593","2017-06-25","2017-06-26"
"9613756009","2017-08-10",
"10920908847","2017-09-22",
"4387671376","2017-07-11","2017-07-11"
"10383409299","2017-08-20",
"10735310677","2017-07-01","2017-07-01"
"3640428576","2017-07-30",
"3037908562","2017-07-10","2017-07-10"
"u2492969","2017-08-09","2017-09-11"
"10862245491","2017-09-01","2017-09-01"
"10093886911","2017-09-13",
"9897615155","2017-07-26","2017-07-26"
"u14611626","2017-06-20",
"7747841197","2017-06-26",
"5142089994","2017-08-29",
"10803638641","2017-08-01",
"10772666927","2017-07-23",
"4131178602","2017-07-02",
"9657881911","2017-09-05","2017-09-05"
"10751229233","2017-07-27","2017-07-29"
"9047207181","2017-07-04",
"10861580617","2017-08-28",
"10785091098","2017-07-28","2017-07-28"
"10732685665","2017-06-28",
"1759608645","2017-07-28","2017-07-28"
"10741956716","2017-07-05",
"10807426036","2017-08-06","2017-08-07"
"10902148761","2017-09-11",
"10902449106","2017-09-10","2017-09-10"
"10750665879","2017-07-05",
"9328864132","2017-08-23",
"10756131275","2017-07-14","2017-07-14"
"10372994006","2017-06-24","2017-06-24"
"10740499222","2017-06-26",
"10754869620","2017-07-21",
"3504528734","2017-08-14",
"10861800533","2017-08-27",
"10769967104","2017-07-21","2017-07-21"
"10848601742","2017-09-08","2017-09-08"
"62157921","2017-07-12",
"10881779799","2017-09-08","2017-09-08"
"10695536275","2017-07-10",
"10737644113","2017-06-27",
"10667606435","2017-08-06",
"10746563945","2017-08-06","2017-09-19"
"10563202299","2017-07-19",
"10705688552","2017-07-11","2017-07-11"
"10915296710","2017-09-22",
"10904849059","2017-09-11",
"10753229953","2017-07-13","2017-07-13"
"10845280743","2017-08-21",
"10776640255","2017-09-15","2017-09-19"
"10643193203","2017-06-26",
"10729973369","2017-06-21",
"10094774117","2017-09-21",
"10925226161","2017-09-23",
"10918234745","2017-09-21",
"10303656234","2017-08-08",
"4652228627","2017-09-20",
"10761029607","2017-07-25","2017-07-25"
"10736838536","2017-06-25",
"10850609109","2017-09-06","2017-09-06"
"7971056070","2017-08-15",
"10772787506","2017-07-24",
"u136088","2017-06-21","2017-07-27"
"10759647014","2017-07-25","2017-07-25"
"10732668309","2017-07-28",
"10813594550","2017-08-17",
"10766361973","2017-07-21","2017-07-21"
"769728615","2017-07-04","2017-07-04"
"10807329928","2017-08-26",
"1097558622","2017-08-25",
"10742776514","2017-09-17","2017-09-17"
"10746187880","2017-07-06","2017-07-06"
"10097622153","2017-06-21",
"10406250238","2017-09-17","2017-09-17"
"10572922783","2017-09-18","2017-09-18"
"10781425987","2017-07-30","2017-07-30"
"10504508127","2017-09-16","2017-09-16"
"6694027164","2017-09-06","2017-09-06"
"10726174704","2017-07-21","2017-07-21"
"5379659611","2017-09-19","2017-09-19"
"10793883698","2017-08-01","2017-08-01"
"10909950889","2017-09-18","2017-09-20"
"10297110621","2017-08-12",
"9429404727","2017-09-19",
"10725116456","2017-06-22",
"10816752193","2017-08-08",
"10545068974","2017-07-27","2017-07-27"
"10849920282","2017-08-23","2017-08-23"
"10114713919","2017-09-04","2017-09-04"
"1952508871","2017-07-09",
"u34083325","2017-07-06",
"10800390206","2017-08-02",
"877439202","2017-07-03","2017-07-03"
"10863320376","2017-08-31","2017-08-31"
"10754976738","2017-07-15",
"10434561143","2017-08-09",
"9913260406","2017-09-17",
"10784958111","2017-08-16",
"10203479756","2017-09-26",
"10899278889","2017-09-12",
"7824234054","2017-06-28",
"1458578552","2017-09-26",
"10908167637","2017-09-17",
"10779991424","2017-09-02",
"10746349850","2017-07-07",
"10855409442","2017-08-27",
"10850799347","2017-08-22",
"10769678931","2017-07-16",
"10782967891","2017-08-19","2017-08-19"
"5602085638","2017-09-27","2017-09-27"
"8819015355","2017-06-28",
"10766640928","2017-07-27",
"9803546975","2017-09-13","2017-09-13"
"9897766466","2017-09-02","2017-09-03"
"377668688","2017-09-09",
"10920580817","2017-09-20",
"10739898538","2017-06-28",
"10754633988","2017-07-11","2017-07-11"
"10885747645","2017-09-07",
"10683265641","2017-07-06",
"10682955557","2017-07-01","2017-07-01"
"10601036668","2017-08-03","2017-08-03"
"5774591113","2017-08-08","2017-08-08"
"10882828814","2017-09-04","2017-09-04"
"10754719467","2017-07-23",
"10037241101","2017-07-23","2017-07-23"
"10927729553","2017-09-23",
"9558862633","2017-08-13",
"4963268763","2017-09-07","2017-09-07"
"u168654","2017-07-21",
"10698043295","2017-06-23","2017-06-23"
"10768682545","2017-07-17","2017-07-21"
"10773528995","2017-07-19","2017-07-20"
"10741990035","2017-06-30",
"10791221895","2017-07-30","2017-07-30"
"10818449515","2017-08-04","2017-08-04"
"10573418924","2017-09-09",
"10788030458","2017-08-21",
"6993703450","2017-07-21",
"8991598053","2017-09-20",
"u28171655","2017-08-17","2017-09-05"
"4136178939","2017-06-26","2017-06-26"
"9170491855","2017-07-04","2017-07-10"
"300586779","2017-08-08",
"8611387773","2017-09-01",
"10796428987","2017-07-27","2017-07-27"
"3176478866","2017-07-30",
"10759460853","2017-07-11",
"10837306729","2017-09-10","2017-09-19"
"2124668652","2017-08-16",
"6397576537","2017-08-03",
"1662638867","2017-06-29",
"u483078","2017-07-23","2017-07-23"
"10761671493","2017-07-13","2017-07-13"
"3227198702","2017-06-27",
"10551160224","2017-08-28","2017-08-28"
"3558199241","2017-07-19",
"8867740790","2017-08-11","2017-08-11"
"10917750162","2017-09-21",
"10729187784","2017-06-28","2017-06-28"
"10713729267","2017-07-08","2017-07-08"
"10690098668","2017-08-10",
"7227096305","2017-08-18",
"10754234130","2017-07-17","2017-07-20"
"10926723137","2017-09-23",
"10745383999","2017-07-10",
"10737068742","2017-06-29",
"10747369923","2017-07-06",
"10759058187","2017-07-16","2017-07-16"
"10568348613","2017-07-07",
"10835231642","2017-09-11",
"10007966442","2017-09-08","2017-09-08"
"10911379485","2017-09-19",
"10375448767","2017-07-11",
"10738229667","2017-07-04",
"10887623887","2017-09-07","2017-09-11"
"10297248998","2017-07-15",
"9895917782","2017-07-31","2017-07-31"
"10787092769","2017-07-30","2017-07-30"
"10890020618","2017-09-10",
"10547290124","2017-09-18","2017-09-18"
"10915791318","2017-09-14",
"10526215483","2017-06-23","2017-06-26"
"10746523063","2017-07-02",
"4142279084","2017-07-24","2017-07-24"
"8920815838","2017-08-06","2017-08-06"
"2434188540","2017-07-11",
"10677691354","2017-09-17",
"10933442726","2017-09-26",
"10833053490","2017-09-11",
"5287389814","2017-09-11","2017-09-11"
"10850592218","2017-08-22","2017-08-22"
"10831197932","2017-08-15",
"10796592848","2017-08-01","2017-08-01"
"10894268576","2017-09-13","2017-09-19"
"3893868585","2017-08-31",
"4725218797","2017-09-08",
"10215747794","2017-07-20",
"10516448906","2017-09-17",
"9898615339","2017-09-13","2017-09-17"
"10924401016","2017-09-26","2017-09-26"
"10518333596","2017-08-12",
"7708116429","2017-08-21","2017-08-21"
"10782344227","2017-07-29","2017-07-29"
"296189743","2017-09-14",
"9851319669","2017-07-24","2017-07-24"
"10790015855","2017-07-30","2017-07-30"
"10853610704","2017-08-23",
"10764298588","2017-08-02",
"303592619","2017-06-22",
"4332993451","2017-07-19","2017-07-19"
"5389056677","2017-06-28","2017-07-28"
"10744738984","2017-07-10",
"10717973519","2017-06-26",
"3618128846","2017-08-17",
"905450062","2017-09-12","2017-09-12"
"4582714520","2017-09-20",
"10758914596","2017-08-09",
"8653173374","2017-09-11","2017-09-11"
"3757168895","2017-07-21","2017-07-21"
"10752852761","2017-07-11","2017-07-11"
"8864992835","2017-08-23","2017-08-23"
"10877412741","2017-09-27",
"6871766702","2017-09-22",
"u767006","2017-09-15",
"8985407994","2017-08-02",
"10192884172","2017-07-11",
"10863946856","2017-09-02","2017-09-02"
"10908311161","2017-09-16",
"10773708761","2017-07-31","2017-07-31"
"10759008914","2017-08-08",
"3655278744","2017-08-13","2017-08-13"
"5425841633","2017-08-19",
"9849337903","2017-07-30",
"10922294485","2017-09-25",
"8896882159","2017-08-28",
"10815637679","2017-08-05","2017-08-05"
"312075814","2017-08-04",
"10338142695","2017-08-09",
"9240754217","2017-09-07",
"4373069260","2017-07-11",
"10568398733","2017-09-07","2017-09-07"
"10878049177","2017-09-03","2017-09-03"
"u371079","2017-08-26","2017-08-26"
"10867616455","2017-09-02",
"6176183364","2017-08-04",
"10908778556","2017-09-11",
"10379884373","2017-08-24",
"10719535125","2017-06-26",
"10755642188","2017-07-12",
"10892510863","2017-09-08",
"10924680133","2017-09-23",
"9059268545","2017-07-16","2017-07-20"
"1216218769","2017-06-27",
"6600904995","2017-09-21","2017-09-21"
"10823778551","2017-08-09","2017-08-18"
"10698464252","2017-09-23",
"4578082584","2017-06-25",
"6481787165","2017-08-22",
"10883569737","2017-09-03",
"10837375922","2017-08-19",
"10811653744","2017-08-04","2017-08-07"
"10823309185","2017-09-10",
"10373970661","2017-08-14",
"2200758537","2017-07-19",
"10773168753","2017-07-20","2017-07-20"
"10759150778","2017-07-13","2017-07-13"
"10751048308","2017-07-08",
"10046776549","2017-07-02",
"7760241105","2017-07-25","2017-07-27"
"8863876162","2017-07-26",
"6644648813","2017-09-10",
"10740522844","2017-08-09",
"4105678746","2017-07-21",
"10805401017","2017-08-04",
"10881022770","2017-09-04",
"10594296180","2017-07-20",
"10863310554","2017-08-30",
"5608614875","2017-07-24","2017-07-24"
"6992336844","2017-08-14","2017-08-14"
"10665922663","2017-07-09",
"10746572863","2017-09-22",
"10299024143","2017-07-03",
"10523772635","2017-08-07","2017-09-10"
"3983548738","2017-07-26",
"10920513730","2017-09-21",
"10883767138","2017-09-05",
"7427408737","2017-06-28",
"10855693318","2017-09-20","2017-09-20"
"115437340","2017-07-26","2017-07-26"
"u35401605","2017-07-09","2017-07-09"
"10630129956","2017-08-02","2017-08-02"
"10766673859","2017-07-16",
"10675246663","2017-09-16",
"3972088676","2017-08-11","2017-08-11"
"10686359191","2017-07-21",
"1043238680","2017-09-17",
"10747059919","2017-07-22","2017-07-22"
"10758464473","2017-07-11",
"815959224","2017-07-22",
"2597878571","2017-07-20",
"10515606295","2017-08-15",
"9835401704","2017-07-02",
"10883326596","2017-09-10","2017-09-12"
"4181028643","2017-07-20",
"10788253715","2017-08-03",
"8617773545","2017-06-22","2017-06-23"
"10894189814","2017-09-11","2017-09-11"
"4708358561","2017-09-25",
"5433191378","2017-08-10",
"10752316981","2017-07-18",
"10511840500","2017-07-30","2017-07-30"
"9945773607","2017-08-03",
"u203613","2017-07-12","2017-07-12"
"u2275724","2017-08-08","2017-08-08"
"10732793848","2017-08-16",
"10908204966","2017-09-15",
"u21717879","2017-09-25","2017-09-25"
"10911669471","2017-09-12","2017-09-12"
"10909232229","2017-09-26","2017-09-26"
"10766185760","2017-07-23",
"67227846","2017-06-21","2017-06-21"
"10821591908","2017-08-06",
"3673968554","2017-07-18",
"10866569030","2017-09-01","2017-09-01"
"8821673113","2017-08-29",
"10918309767","2017-09-22",
"8537247586","2017-08-06",
"10769258889","2017-07-20",
"866768607","2017-08-08","2017-08-08"
"10444640723","2017-06-21",
"10779261405","2017-07-29","2017-07-29"
"4102088674","2017-08-10","2017-08-10"
"4215779081","2017-07-22","2017-07-22"
"10827270480","2017-08-09","2017-08-09"
"10893430124","2017-09-07","2017-09-07"
"10859920330","2017-08-28",
"3971168591","2017-07-28",
"10484948721","2017-07-20","2017-07-20"
"4495132298","2017-07-24",
"10753318794","2017-07-17",
"3972308543","2017-08-10",
"10878003357","2017-09-07",
"10567921940","2017-07-21","2017-07-21"
"10775979324","2017-09-08",
"8311495428","2017-07-26",
"10727957104","2017-06-24","2017-07-30"
"10822206595","2017-08-12","2017-09-20"
"8988919844","2017-07-25","2017-07-25"
"7428466542","2017-07-25",
"4547509469","2017-08-03",
"2744068552","2017-07-25","2017-07-25"
"6556038800","2017-07-20",
"8469390278","2017-08-16",
"10846391311","2017-08-26","2017-08-26"
"3344968613","2017-08-23","2017-08-24"
"5539718811","2017-07-30","2017-07-30"
"10732273015","2017-06-27","2017-06-27"
"10704590427","2017-09-16",
"10439427989","2017-07-02",
"10431341425","2017-08-22","2017-08-22"
"235655369","2017-07-04",
"9301339494","2017-08-17",
"3440718563","2017-06-21",
"5185920437","2017-09-11",
"10905209178","2017-09-13","2017-09-16"
"10923875181","2017-09-24","2017-09-24"
"10823244209","2017-08-11",
"10781882953","2017-07-26",
"5437313093","2017-09-21","2017-09-21"
"9608112869","2017-07-18",
"10406199056","2017-06-29","2017-07-24"
"10323218592","2017-06-28","2017-06-28"
"10369879652","2017-09-18","2017-09-18"
"10757040168","2017-07-13",
"10601515061","2017-09-18","2017-09-18"
"10710492910","2017-09-03",
"10866582327","2017-08-31",
"10372214711","2017-09-19","2017-09-19"
"10339949523","2017-08-08",
"10851788426","2017-09-15",
"10786073115","2017-07-28","2017-07-28"
"8353500577","2017-06-29",
"10752686749","2017-07-12",
"10880482346","2017-09-17",
"10740430961","2017-06-26",
"10831864876","2017-08-12","2017-08-12"
"10882459015","2017-09-02",
"777808569","2017-09-06","2017-09-06"
"10919068682","2017-09-23","2017-09-23"
"u10718481","2017-06-23","2017-06-23"
"8188389984","2017-09-04","2017-09-04"
"10921465866","2017-09-22",
"10454211918","2017-07-28","2017-07-30"
"u12160602","2017-09-10","2017-09-10"
"8797320394","2017-08-18",
"9888349105","2017-08-28",
"3730029056","2017-07-21","2017-07-21"
"10795776846","2017-08-01","2017-08-01"
"10423279030","2017-08-27",
"10732035268","2017-07-14","2017-07-14"
"10923582256","2017-09-20",
"10335213862","2017-09-08",
"10273563473","2017-07-25",
"8216856258","2017-06-28",
"10405422407","2017-08-22","2017-08-22"
"9938639228","2017-09-27",
"9894004308","2017-09-14","2017-09-14"
"10864548565","2017-09-03",
"10452226755","2017-07-26",
"8801055336","2017-09-25",
"3478509206","2017-06-27","2017-06-27"
"10359943846","2017-07-14",
"10692105137","2017-06-25",
"4387549833","2017-09-14",
"4157739152","2017-07-29","2017-07-31"
"10842511839","2017-08-17","2017-08-17"
"10901965573","2017-09-13",
"10549193464","2017-07-20",
"10731926994","2017-09-24",
"9431241650","2017-07-25",
"3418148563","2017-08-12","2017-08-12"
"4627840000","2017-06-25",
"10890451377","2017-09-08",
"10091074391","2017-07-29","2017-07-29"
"1441698545","2017-09-09","2017-09-09"
"10887421248","2017-09-11",
"3391828539","2017-09-18","2017-09-18"
"751038613","2017-08-08","2017-08-08"
"10881565401","2017-09-03",
"4801358688","2017-07-20","2017-07-20"
"10739979216","2017-06-29","2017-06-29"
"10270899084","2017-08-22",
"10754988535","2017-07-26","2017-07-26"
"10667671202","2017-07-01","2017-07-02"
"10573419849","2017-07-29",
"10490763379","2017-07-08",
"10482414696","2017-07-04","2017-07-27"
"10848909056","2017-09-17","2017-09-17"
"9234078379","2017-08-24",
"7906461129","2017-09-20",
"8205984946","2017-07-08",
"8865758149","2017-07-27",
"10778702211","2017-09-06","2017-09-06"
"9855540462","2017-06-25",
"867498563","2017-06-23","2017-06-28"
"4332849227","2017-08-30","2017-08-30"
"10255553229","2017-08-07",
"9744393839","2017-08-12","2017-08-12"
"10811719902","2017-09-23","2017-09-23"
"9992609845","2017-09-19","2017-09-19"
"10849046322","2017-08-26","2017-08-26"
"7545569990","2017-07-13","2017-07-25"
"3573468784","2017-07-25","2017-07-25"
"646760186","2017-08-06","2017-08-06"
"9982341770","2017-09-10",
"10724294193","2017-06-22",
"10889744907","2017-09-10","2017-09-10"
"10848367695","2017-08-26",
"4091548718","2017-09-18",
"10360202115","2017-07-08",
"10765880527","2017-08-13",
"10846881349","2017-08-19",
"10551268574","2017-07-18","2017-07-18"
"4166548578","2017-08-11","2017-08-11"
"10456743299","2017-07-23",
"7931419800","2017-08-20","2017-08-20"
"10879193572","2017-09-04","2017-09-04"
"4859849538","2017-06-30",
"10716429901","2017-08-09",
"8307029295","2017-07-29","2017-07-29"
"10745403509","2017-07-10",
"10817235255","2017-08-08",
"10841341559","2017-08-20",
"u2477802","2017-09-18","2017-09-20"
"5608651820","2017-09-07","2017-09-07"
"10865325126","2017-09-01",
"3426469024","2017-09-17",
"4918513526","2017-06-27","2017-06-27"
"10746007765","2017-08-04","2017-08-04"
"3726618725","2017-07-27","2017-07-31"
"10671489000","2017-07-05",
"6234345066","2017-08-17",
"10782275262","2017-07-30",
"1010188630","2017-07-20",
"9848318859","2017-06-21",
"10780271646","2017-07-26",
"4755540259","2017-06-28",
"10828456372","2017-08-12","2017-08-12"
"10687203827","2017-07-15",
"99322591","2017-06-23",
"10340458602","2017-07-26",
"4268400631","2017-06-25",
"4635689855","2017-09-06",
"10524271502","2017-07-02",
"10733604230","2017-06-26",
"10566181521","2017-09-06",
"10796558620","2017-07-27",
"10733479542","2017-06-23",
"10176999672","2017-09-05",
"10864244605","2017-09-01",
"72273927","2017-06-29","2017-07-14"
"10811990945","2017-08-08","2017-08-08"
"10750949063","2017-08-26","2017-08-26"
"10747631340","2017-08-24","2017-08-24"
"10852572343","2017-08-26","2017-08-27"
"4333024108","2017-07-31","2017-07-31"
"121441663","2017-08-04","2017-08-04"
"10419389423","2017-09-17","2017-09-17"
"10355951540","2017-09-19","2017-09-19"
"10779261319","2017-07-26","2017-07-26"
"10719459678","2017-06-20","2017-06-20"
"10851671233","2017-09-19","2017-09-19"
"10800718701","2017-08-01","2017-08-01"
"10754034395","2017-07-16","2017-07-16"
"4104518596","2017-09-06","2017-09-06"
"7472954150","2017-09-14","2017-09-14"
"10750828846","2017-07-07","2017-07-07"
"10563216529","2017-07-27","2017-07-27"
"10885636690","2017-09-06","2017-09-06"
"10756478549","2017-07-06","2017-07-06"
"10124085395","2017-09-05","2017-09-05"
"10907319231","2017-09-13","2017-09-16"
"7761912042","2017-07-17","2017-07-17"
"3322798787","2017-09-05","2017-09-05"
"8308763451","2017-07-21","2017-07-21"
"6521388539","2017-07-22","2017-07-22"
"10178123274","2017-07-25","2017-07-25"
"8861489169","2017-08-21","2017-08-22"
"10698981872","2017-06-28","2017-07-19"
"10759199583","2017-07-13","2017-07-13"
"u52649932","2017-08-15","2017-08-15"
"10840842880","2017-08-18","2017-08-18"
"10372201040","2017-07-24","2017-07-24"
"10621469244","2017-07-31","2017-08-01"
"u2510724","2017-06-29","2017-06-29"
"10758478939","2017-07-09","2017-07-09"
"6696603503","2017-06-29","2017-07-27"
"10475032141","2017-06-20","2017-07-28"
"10915089019","2017-09-16","2017-09-16"
"10716759653","2017-06-20","2017-06-20"
"4897278548","2017-08-22","2017-08-22"
"10751370679","2017-07-10","2017-07-10"
"8861092036","2017-08-09","2017-08-09"
"1016569927","2017-06-25","2017-06-25"
"216626893","2017-06-29","2017-06-29"
"3733238618","2017-07-09","2017-07-09"
"10758523529","2017-07-11","2017-07-26"
"3669778552","2017-07-06","2017-07-06"
"9659939138","2017-09-03","2017-09-03"
"691268543","2017-09-18","2017-09-18"
"5053837681","2017-09-08","2017-09-09"
"10737362626","2017-07-02","2017-07-02"
"u32336269","2017-07-24","2017-08-01"
"10910928914","2017-09-19","2017-09-19"
"10728267404","2017-07-12","2017-07-12"
"10641266793","2017-09-23","2017-09-23"
"10857639106","2017-08-22","2017-08-22"
"10795772449","2017-07-30","2017-07-30"
"9378352106","2017-07-20","2017-07-20"
"10817899043","2017-08-03","2017-08-03"
"10753639902","2017-07-07","2017-07-07"
"8540578856","2017-09-25","2017-09-25"
"10520302250","2017-07-01","2017-07-24"
"10765835467","2017-07-16","2017-07-17"
"9019106495","2017-06-23","2017-06-23"
"10782472899","2017-07-26","2017-08-01"
"u3402447","2017-07-20","2017-07-20"
"10763123257","2017-07-18","2017-07-18"
"7685918706","2017-08-02","2017-08-02"
"9773101700","2017-07-07","2017-07-26"
"8265939610","2017-07-16","2017-07-16"
"10783031587","2017-07-28","2017-07-28"
"8024991113","2017-07-19","2017-07-19"
"10842519389","2017-08-21","2017-08-21"
"10594411132","2017-09-15","2017-09-15"
"10456739049","2017-07-20","2017-07-20"
"5360551695","2017-09-04","2017-09-18"
"9800055117","2017-08-29","2017-09-05"
"9242483596","2017-09-11","2017-09-11"
"10593401685","2017-06-25","2017-06-25"
"10836674993","2017-08-12","2017-08-12"
"7228722275","2017-09-17","2017-09-17"
"10782212488","2017-07-28","2017-07-28"
"10794809000","2017-08-31","2017-08-31"
"10479744663","2017-07-19","2017-07-21"
"10746976597","2017-07-07","2017-07-07"
"10444701968","2017-09-26","2017-09-26"
"4370958535","2017-08-17","2017-08-17"
"5326001414","2017-07-12","2017-07-12"
"u80176","2017-09-05","2017-09-10"
"u12858974","2017-09-25","2017-09-25"
"10399024398","2017-07-19","2017-07-23"
"10794179336","2017-08-01","2017-08-01"
"10841630173","2017-08-16","2017-08-16"
"5761870437","2017-09-19","2017-09-19"
"8268667364","2017-07-29","2017-07-29"
"3523389123","2017-07-05","2017-07-06"
"10510634409","2017-07-24","2017-07-24"
"10785949722","2017-07-27","2017-07-27"
"10924196102","2017-09-23","2017-09-23"
"10740070670","2017-07-04","2017-07-04"
"10418184282","2017-06-21","2017-07-25"
"10754619133","2017-07-07","2017-07-07"
"8729819244","2017-06-22","2017-06-22"
"10538058573","2017-08-03","2017-09-17"
"1008149313","2017-07-14","2017-07-14"
"10907413312","2017-09-17","2017-09-17"
"10268187725","2017-09-06","2017-09-06"
"10924402537","2017-09-27","2017-09-27"
"653141074","2017-06-29","2017-06-29"
"10523913484","2017-07-21","2017-07-21"
"9986154987","2017-06-21","2017-06-21"
"10915651384","2017-09-19","2017-09-19"
"4382859444","2017-08-20","2017-08-20"
"10349779816","2017-08-22","2017-08-22"
"10910501700","2017-09-13","2017-09-13"
"10395324557","2017-06-23","2017-07-16"
"10320059601","2017-07-20","2017-07-23"
"10774563102","2017-07-20","2017-07-20"
"9607094681","2017-08-27","2017-08-27"
"u31449342","2017-07-29","2017-07-29"
"10465161144","2017-09-04","2017-09-04"
"10301609282","2017-07-11","2017-07-11"
"8228291841","2017-07-18","2017-07-25"
"10751041397","2017-09-19","2017-09-19"
"10601497546","2017-07-01","2017-07-08"
"10923509145","2017-09-19","2017-09-19"
"4580806773","2017-09-08","2017-09-08"
"9330321413","2017-09-06","2017-09-06"
"4366428674","2017-07-16","2017-07-21"
"10296302478","2017-08-29","2017-08-30"
"9802701402","2017-07-19","2017-07-19"
"10154352744","2017-09-23","2017-09-23"
"10408271973","2017-07-19","2017-07-19"
"10901948733","2017-09-11","2017-09-11"
"9748720277","2017-07-14","2017-07-14"
"10790483982","2017-08-22","2017-08-22"
"10676680095","2017-06-22","2017-07-26"
"10859695670","2017-08-26","2017-08-26"
"9106320827","2017-06-29","2017-06-29"
"10769273417","2017-07-20","2017-07-20"
"6908593559","2017-07-20","2017-07-20"
"10748189271","2017-07-06","2017-07-24"
"10926208995","2017-09-23","2017-09-23"
"8358429219","2017-07-07","2017-07-08"
"10808354116","2017-08-25","2017-08-25"
"4636562418","2017-07-21","2017-07-21"
"2679768564","2017-07-13","2017-07-13"
"10414143566","2017-09-18","2017-09-18"
"2125498706","2017-08-01","2017-08-01"
"10779874198","2017-09-02","2017-09-02"
"10372959030","2017-07-16","2017-07-19"
"10275507505","2017-08-26","2017-08-26"
"1204148554","2017-08-06","2017-08-06"
"10845297610","2017-08-25","2017-08-25"
"u24099768","2017-07-18","2017-07-18"
"10930629828","2017-09-26","2017-09-27"
"10783103037","2017-07-28","2017-07-28"
"10297253632","2017-08-19","2017-08-30"
"10839661780","2017-08-28","2017-08-28"
"4626259129","2017-09-19","2017-09-19"
"u14375941","2017-07-24","2017-07-24"
"3478960437","2017-06-25","2017-06-25"
"3163409111","2017-07-28","2017-07-28"
"9662745991","2017-08-07","2017-08-07"
"10777156680","2017-09-12","2017-09-19"
"6167797422","2017-08-25","2017-08-25"
"10375012871","2017-07-25","2017-07-27"
"4915368643","2017-07-28","2017-07-28"
"4325234761","2017-09-16","2017-09-16"
"9610872821","2017-06-28","2017-06-28"
"4721828851","2017-09-20","2017-09-20"
"10921948938","2017-09-19","2017-09-19"
"10906524318","2017-09-17","2017-09-18"
"10893668597","2017-09-09","2017-09-09"
"10786461093","2017-07-25","2017-07-25"
"10833728546","2017-08-09","2017-08-09"
"3356258541","2017-06-24","2017-06-24"
"10901924090","2017-09-12","2017-09-12"
"10753741401","2017-07-09","2017-07-11"
"10747235815","2017-07-06","2017-07-06"
"4449288802","2017-09-24","2017-09-24"
"10702351223","2017-06-27","2017-06-27"
"10514332313","2017-08-08","2017-08-09"
"7460239380","2017-09-17","2017-09-17"
"10619388578","2017-07-04","2017-07-04"
"8859347359","2017-07-31","2017-08-01"
"390868651","2017-09-24","2017-09-26"
"u40203274","2017-07-02","2017-07-02"
"u295054","2017-09-17","2017-09-17"
"8306952621","2017-06-20","2017-06-20"
"10909099589","2017-09-18","2017-09-18"
"5610570208","2017-07-16","2017-07-16"
"10376747458","2017-08-25","2017-09-20"
"10760401251","2017-07-15","2017-07-17"
"10474015964","2017-07-19","2017-07-30"
"6603674313","2017-07-17","2017-07-17"
"3475179115","2017-07-25","2017-07-25"
"10733062369","2017-06-27","2017-06-27"
"9799969311","2017-08-12","2017-08-12"
"10784248597","2017-07-26","2017-07-27"
"10747383478","2017-07-07","2017-07-07"
"9680974328","2017-09-10","2017-09-10"
"10852321935","2017-08-24","2017-08-24"
"2874368535","2017-09-20","2017-09-20"
"6651418550","2017-07-04","2017-07-04"
"8805551982","2017-06-20","2017-07-11"
"10884781780","2017-09-04","2017-09-05"
"7724281617","2017-07-08","2017-07-08"
"10839540843","2017-09-18","2017-09-18"
"200204509","2017-07-16","2017-07-16"
"10528130101","2017-08-27","2017-08-27"
"3429688931","2017-08-09","2017-08-09"
"7805180480","2017-09-11","2017-09-11"
"10196443303","2017-08-09","2017-08-09"
"10882934642","2017-09-17","2017-09-20"
"10733470510","2017-09-23","2017-09-23"
"10233442116","2017-08-20","2017-08-20"
"6166182499","2017-06-25","2017-07-19"
"10472753077","2017-09-12","2017-09-12"
"10710730764","2017-06-24","2017-06-25"
"6884381935","2017-06-22","2017-06-22"
"10827074254","2017-08-11","2017-08-11"
"8983132046","2017-09-18","2017-09-18"
"2558098654","2017-08-15","2017-08-15"
"9747212915","2017-06-23","2017-07-22"
"10094882820","2017-08-13","2017-08-13"
"10794780695","2017-08-26","2017-08-26"
"10830383957","2017-08-14","2017-08-14"
"10725299820","2017-08-07","2017-08-07"
"10693880300","2017-06-27","2017-07-06"
"10774636628","2017-07-23","2017-07-23"
"10859947603","2017-08-28","2017-09-09"
"10647861911","2017-06-30","2017-06-30"
"10825329182","2017-08-13","2017-08-13"
"6573028583","2017-08-05","2017-08-05"
"u290267","2017-07-19","2017-07-19"
"10900208669","2017-09-11","2017-09-11"
"10838651261","2017-08-18","2017-09-10"
"10882149336","2017-09-17","2017-09-18"
"10834831546","2017-08-14","2017-08-14"
"7322126919","2017-07-23","2017-07-23"
"4980569085","2017-07-05","2017-07-27"
"u1897036","2017-09-03","2017-09-05"
"10412552281","2017-09-12","2017-09-12"
"8540764685","2017-07-20","2017-07-25"
"3416158789","2017-07-26","2017-07-26"
"4332993406","2017-09-19","2017-09-19"
"10855257368","2017-09-09","2017-09-09"
"7322933482","2017-07-04","2017-07-04"
"10748514573","2017-07-01","2017-07-01"
"1225388990","2017-07-23","2017-07-23"
"3665068551","2017-09-10","2017-09-10"
"10524652017","2017-07-04","2017-07-04"
"3847129081","2017-07-20","2017-07-20"
"757798638","2017-06-26","2017-06-26"
"10882128288","2017-09-07","2017-09-11"
"10905960139","2017-09-12","2017-09-12"
"10730706242","2017-06-22","2017-06-23"
"10895670216","2017-09-18","2017-09-18"
"4605498711","2017-06-23","2017-07-20"
"8230571108","2017-07-20","2017-07-20"
"9015571052","2017-07-25","2017-07-31"
"4584570176","2017-07-26","2017-07-27"
"7831442871","2017-09-18","2017-09-18"
"9775280664","2017-09-13","2017-09-14"
"10323834429","2017-08-29","2017-09-05"
"10768859575","2017-07-18","2017-07-18"
"4035508640","2017-07-24","2017-07-24"
"255454909","2017-08-08","2017-09-11"
"10781322767","2017-07-28","2017-07-28"
"5393520377","2017-09-26","2017-09-26"
"10751873884","2017-07-19","2017-07-19"
"10747997077","2017-07-15","2017-07-15"
"1530598620","2017-09-12","2017-09-12"
"u28413364","2017-07-10","2017-07-10"
"10810958633","2017-08-03","2017-08-03"
"10916190040","2017-09-18","2017-09-18"
"10739205016","2017-07-04","2017-07-04"
"10792030243","2017-07-30","2017-07-30"
"3756038818","2017-07-22","2017-07-22"
"10733279888","2017-07-17","2017-07-20"
"9716918562","2017-09-07","2017-09-07"
"10863629246","2017-09-19","2017-09-19"
"10725060817","2017-07-25","2017-07-25"
"10689668890","2017-07-22","2017-07-22"
"1648348576","2017-08-11","2017-08-11"
"9942243238","2017-09-18","2017-09-19"
"10584630235","2017-07-27","2017-07-27"
"9609184003","2017-07-14","2017-07-14"
"10122428060","2017-09-21","2017-09-21"
"10859427112","2017-09-02","2017-09-02"
"u9406049","2017-09-07","2017-09-09"
"u2004006","2017-07-15","2017-07-15"
"10679827070","2017-06-28","2017-06-28"
"u631027","2017-09-04","2017-09-04"
"9667805063","2017-07-14","2017-07-14"
"10274689064","2017-07-27","2017-07-27"
"10743659699","2017-06-30","2017-06-30"
"9904259149","2017-08-21","2017-08-21"
"10826140199","2017-08-14","2017-08-15"
"10303526936","2017-09-14","2017-09-14"
"9746010520","2017-07-17","2017-07-17"
"10793718334","2017-08-01","2017-08-01"
"8837748617","2017-07-22","2017-07-22"
"10829998627","2017-08-12","2017-09-01"
"10748220687","2017-07-17","2017-07-17"
"6023915440","2017-08-01","2017-08-29"
"u8472470","2017-06-21","2017-06-21"
"10457708605","2017-07-05","2017-07-05"
"10807649476","2017-08-02","2017-08-02"
"10708348719","2017-07-17","2017-07-17"
"u181524","2017-08-20","2017-08-20"
"10816730751","2017-08-06","2017-08-06"
"u48417484","2017-09-17","2017-09-17"
"10788773560","2017-07-27","2017-07-27"
"1069128760","2017-08-02","2017-08-15"
"10585282011","2017-07-27","2017-07-27"
"4977082373","2017-07-30","2017-07-30"
"297530761","2017-08-13","2017-08-15"
"10775275920","2017-07-26","2017-07-26"
"10674239346","2017-08-28","2017-08-28"
"822888546","2017-07-04","2017-07-18"
"10751898950","2017-08-01","2017-08-01"
"10928881971","2017-09-25","2017-09-25"
"10119618324","2017-08-03","2017-08-03"
"10771838730","2017-07-19","2017-07-19"
"10902197610","2017-09-13","2017-09-13"
"10567018991","2017-07-17","2017-07-17"
"10599769149","2017-07-17","2017-07-24"
"10788210479","2017-07-27","2017-07-27"
"1684918557","2017-07-29","2017-07-29"
"10160917164","2017-06-26","2017-06-26"
"1608879043","2017-09-23","2017-09-23"
"4518928563","2017-09-13","2017-09-13"
"10433669346","2017-07-23","2017-07-23"
"4315811625","2017-06-21","2017-06-21"
"10044042916","2017-08-27","2017-08-27"
"10867629793","2017-08-30","2017-08-30"
"10883664748","2017-09-06","2017-09-06"
"10831180971","2017-08-14","2017-08-14"
"4929133112","2017-08-16","2017-08-16"
"u23101287","2017-06-21","2017-06-21"
"10667710243","2017-07-10","2017-07-10"
"10907302917","2017-09-14","2017-09-14"
"10818343333","2017-08-17","2017-09-06"
"10844272226","2017-08-21","2017-08-21"
"10819229226","2017-08-11","2017-08-11"
"1400238562","2017-08-31","2017-08-31"
"10685245510","2017-07-04","2017-07-05"
"10924219390","2017-09-23","2017-09-24"
"10530937755","2017-08-14","2017-09-20"
"10555459631","2017-07-05","2017-07-05"
"10883439625","2017-09-17","2017-09-18"
"10750742564","2017-07-04","2017-07-04"
"10200317536","2017-07-21","2017-07-21"
"9593969064","2017-07-18","2017-07-18"
"6423668538","2017-09-06","2017-09-06"
"10204959239","2017-07-09","2017-07-09"
"10742328715","2017-07-05","2017-07-05"
"10784177830","2017-07-28","2017-07-28"
"5244358995","2017-07-24","2017-07-24"
"10372590839","2017-08-30","2017-08-30"
"604479214","2017-09-21","2017-09-21"
"10770974651","2017-07-22","2017-07-22"
"10781038700","2017-07-26","2017-07-26"
"10811641479","2017-08-04","2017-08-04"
"1829978647","2017-06-23","2017-06-23"
"10844648749","2017-08-25","2017-08-25"
"8615004705","2017-09-12","2017-09-12"
"10840838323","2017-08-21","2017-08-21"
"298672600","2017-07-03","2017-07-03"
"8977839001","2017-09-08","2017-09-11"
"10700400312","2017-07-20","2017-07-20"
"4040348655","2017-07-19","2017-07-19"
"10775331611","2017-07-23","2017-07-23"
"u28268394","2017-07-29","2017-07-30"
"8356820731","2017-09-06","2017-09-06"
"10792830162","2017-07-30","2017-07-30"
"6991266432","2017-08-05","2017-08-05"
"749149663","2017-07-20","2017-07-23"
"292271233","2017-09-08","2017-09-08"
"10884666044","2017-09-18","2017-09-18"
"10878050087","2017-09-04","2017-09-04"
"5935388542","2017-09-06","2017-09-07"
"3314148585","2017-09-20","2017-09-20"
"10443728053","2017-09-15","2017-09-15"
"10775137712","2017-07-27","2017-07-27"
"335128555","2017-09-04","2017-09-04"
"10784103121","2017-09-26","2017-09-26"
"10418280354","2017-09-01","2017-09-01"
"9607140328","2017-09-11","2017-09-11"
"8515660313","2017-09-14","2017-09-14"
"10577411677","2017-08-05","2017-08-05"
"6400212199","2017-09-13","2017-09-13"
"9061221866","2017-07-26","2017-07-26"
"8196515742","2017-06-30","2017-06-30"
"10696848737","2017-07-31","2017-08-01"
"10829464573","2017-09-04","2017-09-04"
"10005277042","2017-09-08","2017-09-08"
"10323948641","2017-09-19","2017-09-19"
"658621201","2017-07-26","2017-07-27"
"6277708995","2017-08-01","2017-08-01"
"6117574023","2017-07-09","2017-07-09"
"10881005394","2017-09-08","2017-09-08"
"10899287786","2017-09-26","2017-09-26"
"10783249116","2017-07-27","2017-07-27"
"5385270517","2017-09-24","2017-09-24"
"937529088","2017-07-05","2017-07-05"
"10720639781","2017-06-20","2017-06-23"
"4954670252","2017-07-26","2017-07-26"
"10839625412","2017-08-20","2017-08-20"
"4983530004","2017-09-03","2017-09-17"
"10046671246","2017-06-27","2017-06-27"
"424659397","2017-06-21","2017-06-21"
"10765882935","2017-07-18","2017-07-18"
"10737484086","2017-06-28","2017-06-28"
"10879394748","2017-09-18","2017-09-18"
"2306498564","2017-08-24","2017-09-05"
"4715278733","2017-06-23","2017-06-23"
"10878751606","2017-09-07","2017-09-07"
"10465379383","2017-08-13","2017-08-13"
"10529003754","2017-07-25","2017-07-28"
"10538779646","2017-07-17","2017-07-17"
"10830834514","2017-08-11","2017-08-11"
"8834969801","2017-09-19","2017-09-19"
"10915363807","2017-09-21","2017-09-21"
"6091749011","2017-07-10","2017-07-10"
"6857988368","2017-07-25","2017-07-26"
"56505538","2017-07-20","2017-07-20"
"10918199759","2017-09-19","2017-09-19"
"10252791714","2017-09-06","2017-09-06"
"10908569863","2017-09-13","2017-09-13"
"10559659788","2017-09-03","2017-09-03"
"3950159038","2017-07-20","2017-07-20"
"10774095365","2017-09-06","2017-09-06"
"5366678814","2017-08-29","2017-08-29"
"u155508","2017-07-24","2017-07-24"
"8060631263","2017-07-20","2017-07-20"
"303844558","2017-07-21","2017-07-21"
"3862198769","2017-07-21","2017-07-23"
"10905310703","2017-09-14","2017-09-14"
"u10965551","2017-07-27","2017-07-30"
"3933258704","2017-08-12","2017-08-12"
"8909138907","2017-08-14","2017-08-14"
"172318976","2017-06-25","2017-06-25"
"5142964515","2017-06-22","2017-06-22"
"209900718","2017-07-05","2017-07-26"
"10838641687","2017-08-16","2017-09-18"
"5010398596","2017-06-22","2017-06-22"
"7620948547","2017-07-06","2017-07-06"
"82628366","2017-08-30","2017-08-30"
"10529864753","2017-08-05","2017-08-14"
"9801971298","2017-08-22","2017-08-22"
"10323560954","2017-09-08","2017-09-08"
"7321392283","2017-08-17","2017-08-17"
"10647032308","2017-07-03","2017-07-03"
"155383066","2017-09-18","2017-09-18"
"u9222931","2017-06-23","2017-07-19"
"10893038870","2017-09-10","2017-09-10"
"10465383536","2017-08-04","2017-09-08"
"10908955317","2017-09-14","2017-09-14"
"10514618876","2017-07-14","2017-07-14"
"10371848759","2017-09-27","2017-09-27"
"10782828983","2017-07-26","2017-07-26"
"298981756","2017-08-10","2017-08-10"
"8727276392","2017-09-09","2017-09-09"
"6050345381","2017-07-29","2017-07-30"
"10752217638","2017-07-18","2017-07-18"
"9045075189","2017-07-12","2017-07-12"
"292417975","2017-07-24","2017-07-25"
"10730325103","2017-07-05","2017-07-05"
"4012378783","2017-07-22","2017-07-22"
"4277100469","2017-09-09","2017-09-09"
"10885689801","2017-09-03","2017-09-03"
"u2260431","2017-06-29","2017-06-29"
"10741640355","2017-07-03","2017-07-03"
"u42158016","2017-06-25","2017-06-25"
"10921569698","2017-09-22","2017-09-26"
"9788810647","2017-08-03","2017-08-03"
"1949578844","2017-08-29","2017-09-18"
"4368842631","2017-07-02","2017-07-13"
"9111020682","2017-09-06","2017-09-18"
"4248028545","2017-08-15","2017-08-15"
"3494768564","2017-06-20","2017-07-05"
"10751950634","2017-07-07","2017-07-07"
"10768028744","2017-08-11","2017-08-11"
"10046063032","2017-08-05","2017-09-17"
"10831100136","2017-08-14","2017-08-14"
"5064852306","2017-09-09","2017-09-09"
"10878962941","2017-09-04","2017-09-07"
"10856434714","2017-08-25","2017-09-11"
"u30951112","2017-07-25","2017-07-25"
"10664712190","2017-09-11","2017-09-15"
"10884372819","2017-09-12","2017-09-12"
"9131359802","2017-07-03","2017-08-01"
"10324379386","2017-08-06","2017-08-06"
"8655938898","2017-07-26","2017-07-26"
"9804509866","2017-08-14","2017-09-03"
"10484307252","2017-08-03","2017-09-07"
"10412626640","2017-07-20","2017-07-20"
"10837327991","2017-08-20","2017-08-20"
"10916788770","2017-09-19","2017-09-19"
"10586493724","2017-09-26","2017-09-26"
"10785299352","2017-07-27","2017-07-27"
"4175260126","2017-08-01","2017-08-01"
"10771600874","2017-07-26","2017-07-26"
"10568930802","2017-07-26","2017-07-26"
"3433798800","2017-08-17","2017-09-18"
"142674752","2017-07-17","2017-07-17"
"10924648655","2017-09-19","2017-09-19"
"3945799256","2017-07-23","2017-07-23"
"10857705657","2017-08-29","2017-09-19"
"10899392889","2017-09-13","2017-09-13"
"u48885195","2017-07-23","2017-07-30"
"10725155196","2017-06-22","2017-06-22"
"1617440743","2017-07-07","2017-07-07"
"10745247430","2017-07-21","2017-07-21"
"5061618547","2017-09-11","2017-09-11"
"9294248634","2017-06-23","2017-06-23"
"294021536","2017-08-24","2017-08-24"
"10669620075","2017-07-09","2017-07-09"
"10784230673","2017-07-27","2017-07-27"
"9437658568","2017-07-30","2017-07-31"
"4553718544","2017-06-22","2017-06-22"
"4326007612","2017-07-03","2017-07-03"
"10836829077","2017-09-17","2017-09-17"
"10426009239","2017-08-22","2017-09-01"
"10775159019","2017-07-22","2017-07-22"
"10028591386","2017-07-18","2017-07-18"
"10796211697","2017-09-17","2017-09-17"
"10820198605","2017-08-08","2017-08-08"
"u736003","2017-09-18","2017-09-18"
"4369338571","2017-07-22","2017-07-22"
"10704001950","2017-06-20","2017-06-20"
"8867623169","2017-09-17","2017-09-18"
"10368280713","2017-07-26","2017-07-26"
"58373600","2017-07-25","2017-07-29"
"10882440132","2017-09-01","2017-09-01"
"5394430263","2017-09-11","2017-09-18"
"10784462330","2017-07-27","2017-07-27"
"10880903128","2017-09-07","2017-09-07"
"6872510482","2017-07-03","2017-07-03"
"10744397019","2017-07-06","2017-07-06"
"10760464246","2017-07-12","2017-07-12"
"6987427334","2017-08-30","2017-08-30"
"10899318840","2017-09-11","2017-09-11"
"10874565570","2017-09-03","2017-09-03"
"5713415033","2017-09-09","2017-09-09"
"9557599495","2017-07-21","2017-07-29"
"10794220104","2017-08-02","2017-08-02"
"8243739528","2017-06-24","2017-06-24"
"10857962346","2017-08-25","2017-08-25"
"4344798894","2017-08-31","2017-09-18"
"10489994740","2017-09-06","2017-09-07"
"10488839700","2017-09-10","2017-09-10"
"10360884806","2017-06-21","2017-06-21"
"10911791156","2017-09-13","2017-09-13"
"10884302002","2017-09-13","2017-09-13"
"10655736611","2017-09-24","2017-09-24"
"10901251441","2017-09-18","2017-09-18"
"1926238537","2017-08-29","2017-09-19"
"2475178620","2017-07-20","2017-07-20"
"4183698552","2017-08-10","2017-08-10"
"6708379057","2017-07-28","2017-07-28"
"u6923074","2017-07-07","2017-07-07"
"10439333137","2017-07-08","2017-07-24"
"10767334844","2017-07-22","2017-07-22"
"216688008","2017-07-24","2017-07-24"
"10525769458","2017-06-29","2017-07-02"
"63322410","2017-09-17","2017-09-17"
"10647008573","2017-08-10","2017-08-10"
"9847408116","2017-07-25","2017-07-25"
"10828445093","2017-08-10","2017-08-10"
"10739401856","2017-07-02","2017-07-02"
"8285474545","2017-06-26","2017-06-26"
"9568647350","2017-09-21","2017-09-21"
"10917178829","2017-09-26","2017-09-26"
"8726425393","2017-09-17","2017-09-17"
"10492455729","2017-09-07","2017-09-07"
"5611537314","2017-08-11","2017-08-11"
"2946428569","2017-07-14","2017-07-14"
"10568010102","2017-06-27","2017-06-27"
"10154326491","2017-06-29","2017-06-29"
"10256550193","2017-06-23","2017-06-23"
"10341880395","2017-09-01","2017-09-21"
"9429367107","2017-08-27","2017-08-27"
"10825491602","2017-08-06","2017-08-06"
"10901188976","2017-09-13","2017-09-13"
"10688990537","2017-07-03","2017-07-03"
"9530230706","2017-09-12","2017-09-12"
"5489760395","2017-07-30","2017-07-30"
"10692320182","2017-07-27","2017-07-29"
"5930235025","2017-08-27","2017-08-27"
"8027595938","2017-07-14","2017-07-14"
"1643638760","2017-09-19","2017-09-19"
"10808332083","2017-08-14","2017-08-16"
"866128950","2017-07-20","2017-07-20"
"10896680195","2017-09-11","2017-09-11"
"u3218804","2017-07-26","2017-07-26"
"6859119909","2017-06-27","2017-06-27"
"8024997924","2017-07-20","2017-07-20"
"4994613920","2017-08-24","2017-08-24"
"10805425224","2017-08-04","2017-09-09"
"10859088619","2017-08-30","2017-08-30"
"u27202783","2017-08-02","2017-08-02"
"9110121048","2017-09-04","2017-09-17"
"u2544487","2017-07-28","2017-07-28"
"10445564942","2017-07-21","2017-07-23"
"10892550302","2017-09-08","2017-09-08"
"9796344927","2017-07-01","2017-07-01"
"10813611867","2017-08-12","2017-08-12"
"10854580717","2017-09-08","2017-09-08"
"7889535878","2017-07-17","2017-07-17"
"10044884393","2017-07-06","2017-07-06"
"10689672939","2017-07-20","2017-07-20"
"10516594032","2017-09-08","2017-09-09"
"10919561549","2017-09-20","2017-09-20"
"9435766584","2017-07-08","2017-07-08"
"10778229690","2017-07-26","2017-07-26"
"10855129189","2017-08-28","2017-09-18"
"10834119752","2017-09-04","2017-09-04"
"3523568850","2017-06-20","2017-06-20"
"10597040815","2017-07-18","2017-07-27"
"5241323573","2017-07-14","2017-07-15"
"u25512923","2017-07-07","2017-07-07"
"9046195245","2017-09-17","2017-09-17"
"4351258570","2017-07-10","2017-07-10"
"9528388244","2017-07-25","2017-07-30"
"10860689010","2017-09-17","2017-09-17"
"10738229711","2017-06-30","2017-06-30"
"u40106","2017-07-14","2017-07-14"
"6040812299","2017-07-03","2017-07-18"
"u376147","2017-09-19","2017-09-19"
"10453911797","2017-08-10","2017-08-10"
"u8059234","2017-07-20","2017-07-28"
"7703302321","2017-08-12","2017-08-12"
"10791650581","2017-07-29","2017-07-29"
"10729086084","2017-06-22","2017-06-23"
"639098971","2017-07-17","2017-07-17"
"10928704607","2017-09-26","2017-09-26"
"993669139","2017-07-27","2017-07-27"
"10741209216","2017-06-29","2017-06-29"
"5257209202","2017-06-21","2017-06-21"
"10777268972","2017-07-23","2017-07-24"
"10812237869","2017-08-05","2017-08-22"
"10126028082","2017-07-17","2017-07-17"
"7822300505","2017-09-09","2017-09-09"
"u227543","2017-07-03","2017-07-03"
"10630553243","2017-07-26","2017-07-26"
"10768073723","2017-07-20","2017-07-20"
"9899435827","2017-08-20","2017-08-27"
"10773666125","2017-07-23","2017-07-23"
"9778889936","2017-06-25","2017-06-26"
"u11303874","2017-07-26","2017-07-28"
"292427706","2017-07-19","2017-07-19"
"181742299","2017-07-27","2017-07-28"
"10846870158","2017-08-19","2017-08-19"
"10840651979","2017-08-17","2017-08-18"
"10747309123","2017-07-05","2017-07-05"
"10746576817","2017-07-05","2017-07-07"
"10395298944","2017-07-21","2017-07-22"
"10529771177","2017-09-04","2017-09-04"
"10860342666","2017-08-31","2017-08-31"
"10848574229","2017-08-21","2017-08-21"
"7915098994","2017-07-30","2017-07-30"
"10732301006","2017-09-20","2017-09-20"
"10479745627","2017-09-17","2017-09-17"
"9656199483","2017-09-19","2017-09-19"
"u137658","2017-07-26","2017-07-28"
"10750356070","2017-07-13","2017-07-27"
"10787928970","2017-09-15","2017-09-15"
"10645061079","2017-07-01","2017-07-01"
"10336203119","2017-07-25","2017-07-26"
"6376354537","2017-07-16","2017-07-17"
"8726383616","2017-09-13","2017-09-13"
"10710953562","2017-08-01","2017-08-01"
"10905836563","2017-09-16","2017-09-16"
"9295309266","2017-07-25","2017-07-25"
"10916920944","2017-09-24","2017-09-24"
"u10645966","2017-07-17","2017-07-18"
"10739296104","2017-07-05","2017-07-05"
"9985328166","2017-07-20","2017-07-22"
"10854071164","2017-09-10","2017-09-16"
"5143942783","2017-09-05","2017-09-05"
"10745501018","2017-08-02","2017-08-02"
"10782549435","2017-07-25","2017-07-25"
"10844572921","2017-08-18","2017-08-18"
"10843756475","2017-08-20","2017-08-20"
"7941499525","2017-09-18","2017-09-18"
"1968638545","2017-08-13","2017-08-13"
"10673881822","2017-07-03","2017-07-03"
"10926380366","2017-09-26","2017-09-26"
"10749908635","2017-07-01","2017-07-01"
"10631271925","2017-07-18","2017-07-18"
"9685538089","2017-07-21","2017-07-21"
"10226020147","2017-06-28","2017-06-28"
"576848546","2017-07-27","2017-07-27"
"3573038553","2017-09-12","2017-09-12"
"10852584152","2017-08-28","2017-08-28"
"10683940360","2017-06-29","2017-08-01"
"7708765428","2017-07-21","2017-07-21"
"5892724941","2017-08-05","2017-08-05"
"10733519120","2017-06-23","2017-07-31"
"10843360792","2017-08-21","2017-08-21"
"675918825","2017-06-28","2017-07-28"
"5308048819","2017-07-01","2017-07-01"
"306627747","2017-06-28","2017-06-28"
"10570768789","2017-09-05","2017-09-05"
"10798130103","2017-08-01","2017-08-01"
"10769709588","2017-07-19","2017-07-19"
"8269703054","2017-07-01","2017-07-01"
"882159077","2017-06-22","2017-07-19"
"10704640574","2017-09-18","2017-09-18"
"10745365452","2017-07-11","2017-07-11"
"10691310325","2017-07-20","2017-07-20"
"5100743612","2017-08-16","2017-09-07"
"305031718","2017-09-13","2017-09-13"
"10622849287","2017-08-06","2017-08-06"
"10536122712","2017-09-02","2017-09-02"
"10831518771","2017-08-10","2017-08-23"
"654608824","2017-08-11","2017-08-11"
"u10728770","2017-06-22","2017-06-22"
"10868675938","2017-09-02","2017-09-02"
"10902259024","2017-09-11","2017-09-11"
"10475463023","2017-08-01","2017-08-01"
"10432788817","2017-09-12","2017-09-18"
"10471500673","2017-07-20","2017-07-20"
"10906472259","2017-09-14","2017-09-14"
"7555955166","2017-08-04","2017-08-04"
"5610441827","2017-09-18","2017-09-20"
"10852799077","2017-08-29","2017-08-29"
"4338548975","2017-07-06","2017-07-06"
"10562389231","2017-07-20","2017-07-20"
"5427030373","2017-07-11","2017-07-11"
"10485950571","2017-07-28","2017-07-28"
"9798310161","2017-09-22","2017-09-25"
"10677043195","2017-06-26","2017-06-26"
"10465978855","2017-08-21","2017-08-27"
"10920728883","2017-09-19","2017-09-19"
"5185890395","2017-08-08","2017-08-09"
"9899606405","2017-09-18","2017-09-18"
"3624079247","2017-07-21","2017-07-21"
"4626160656","2017-07-18","2017-07-18"
"7323845369","2017-09-04","2017-09-04"
"10921780924","2017-09-20","2017-09-20"
"10751511032","2017-07-20","2017-07-25"
"10025550516","2017-07-17","2017-07-17"
"6374153721","2017-07-13","2017-07-13"
"10734359105","2017-06-29","2017-06-29"
"10740981115","2017-07-01","2017-07-01"
"3443388651","2017-06-23","2017-07-21"
"10852726281","2017-08-24","2017-08-24"
"8312490044","2017-08-18","2017-08-18"
"8922693301","2017-07-04","2017-07-04"
"10444581232","2017-06-21","2017-06-21"
"4499451776","2017-06-25","2017-06-25"
"4182639663","2017-08-18","2017-08-18"
"10873345958","2017-09-08","2017-09-08"
"10760798613","2017-09-01","2017-09-16"
"4755681853","2017-08-29","2017-08-29"
"10919801047","2017-09-25","2017-09-25"
"1471878783","2017-08-05","2017-08-05"
"6698502418","2017-07-24","2017-07-24"
"9332782270","2017-09-05","2017-09-05"
"10823640202","2017-08-08","2017-08-08"
"10669626022","2017-08-24","2017-08-24"
"2017668536","2017-08-11","2017-08-11"
"10803690223","2017-08-02","2017-08-13"
"7771640622","2017-07-07","2017-07-07"
"10770366732","2017-07-21","2017-07-21"
"10811188541","2017-08-03","2017-08-03"
"10853655507","2017-08-25","2017-08-25"
"10881348690","2017-09-10","2017-09-10"
"10782981391","2017-07-27","2017-07-27"
"10643281233","2017-07-27","2017-07-27"
"396748583","2017-09-08","2017-09-08"
"7122056415","2017-09-05","2017-09-05"
"10675167857","2017-07-21","2017-07-30"
"8267677029","2017-07-25","2017-07-30"
"8974029083","2017-07-20","2017-07-20"
"10864027158","2017-09-02","2017-09-04"
"10112224952","2017-08-16","2017-08-25"
"7710098847","2017-09-06","2017-09-06"
"10885747568","2017-09-11","2017-09-11"
"6636189013","2017-06-29","2017-06-29"
"7761910410","2017-07-21","2017-07-23"
"10757438622","2017-07-06","2017-07-06"
"9797122615","2017-07-08","2017-07-31"
"2202928920","2017-07-01","2017-07-01"
"1921968607","2017-09-14","2017-09-14"
"u2117040","2017-07-27","2017-07-27"
"5823300128","2017-09-14","2017-09-15"
"4975071161","2017-07-22","2017-07-22"
"10552505446","2017-08-28","2017-08-29"
"u1074126","2017-07-10","2017-07-10"
"9085441826","2017-06-30","2017-06-30"
"10859616951","2017-08-28","2017-08-28"
"10904973800","2017-09-18","2017-09-18"
"6597260251","2017-07-20","2017-07-20"
"645949469","2017-09-17","2017-09-17"
"10926796827","2017-09-27","2017-09-27"
"6596011561","2017-09-17","2017-09-17"
"10679978745","2017-08-09","2017-08-09"
"8859395597","2017-06-25","2017-06-25"
"4746120864","2017-09-20","2017-09-20"
"298675432","2017-08-02","2017-08-02"
"9709972736","2017-08-27","2017-08-27"
"10897460856","2017-09-11","2017-09-11"
"10382318642","2017-09-24","2017-09-24"
"10798555941","2017-08-03","2017-08-04"
"10865972621","2017-08-31","2017-09-08"
"9567065153","2017-06-23","2017-06-23"
"6739648759","2017-07-30","2017-07-30"
"10761958945","2017-07-14","2017-07-14"
"u39017573","2017-09-20","2017-09-20"
"10848129011","2017-08-21","2017-08-21"
"5911936971","2017-08-05","2017-08-05"
"10868674872","2017-09-01","2017-09-03"
"10466944517","2017-08-10","2017-08-11"
"10749262978","2017-07-06","2017-07-06"
"1466849009","2017-07-25","2017-07-25"
"10826925623","2017-08-10","2017-08-10"
"10820190996","2017-08-08","2017-08-08"
"10751542876","2017-09-12","2017-09-12"
"10910480545","2017-09-18","2017-09-18"
"4390829242","2017-06-28","2017-06-28"
"10759645932","2017-07-18","2017-07-18"
"10909838960","2017-09-13","2017-09-13"
"u26822640","2017-07-25","2017-07-25"
"10488855345","2017-07-14","2017-07-20"
"10800628686","2017-08-28","2017-09-18"
"10482387726","2017-09-14","2017-09-14"
"10918508217","2017-09-17","2017-09-18"
"8611210247","2017-07-05","2017-07-20"
"10879028564","2017-09-03","2017-09-03"
"5000916953","2017-07-11","2017-07-11"
"9322363803","2017-07-25","2017-07-25"
"10886609129","2017-09-06","2017-09-06"
"u16080417","2017-07-10","2017-07-10"
"10693938104","2017-06-23","2017-06-23"
"10899198962","2017-09-13","2017-09-18"
"3169628810","2017-07-21","2017-07-21"
"10893429726","2017-09-07","2017-09-07"
"10925559389","2017-09-20","2017-09-20"
"9535693247","2017-08-05","2017-08-05"
"10680720101","2017-07-11","2017-07-11"
"9903278537","2017-09-24","2017-09-24"
"10917749132","2017-09-20","2017-09-20"
"10483413777","2017-07-28","2017-07-28"
"10735268654","2017-06-29","2017-06-29"
"8800693600","2017-06-29","2017-06-29"
"u1133038","2017-07-25","2017-07-25"
"6651148873","2017-08-21","2017-08-21"
"10788588767","2017-07-30","2017-07-30"
"10371698582","2017-07-02","2017-07-02"
"10907194563","2017-09-14","2017-09-14"
"10731165074","2017-06-26","2017-06-26"
"6377205130","2017-08-28","2017-08-28"
"5468332028","2017-07-24","2017-07-24"
"9711818062","2017-08-13","2017-08-14"
"u4392612","2017-07-27","2017-07-27"
"u14326820","2017-06-30","2017-06-30"
"10692103249","2017-09-16","2017-09-16"
"9708129830","2017-08-26","2017-08-26"
"9656847963","2017-06-21","2017-06-21"
"10894330033","2017-09-11","2017-09-14"
"10758379769","2017-07-18","2017-07-18"
"10930621291","2017-09-27","2017-09-27"
"5824233888","2017-07-20","2017-07-20"
"10640072858","2017-08-11","2017-08-11"
"192269581","2017-07-28","2017-07-28"
"8568963991","2017-09-06","2017-09-06"
"10347701289","2017-07-27","2017-07-27"
"8571098992","2017-07-22","2017-07-26"
"10220106543","2017-09-17","2017-09-17"
"10729364577","2017-08-07","2017-08-07"
"7751689905","2017-09-11","2017-09-11"
"156413446","2017-09-03","2017-09-03"
"8264156696","2017-07-17","2017-07-17"
"9137459433","2017-09-21","2017-09-21"
"10389251931","2017-07-19","2017-07-21"
"10789908968","2017-07-27","2017-07-27"
"10841538044","2017-08-20","2017-08-20"
"u700102","2017-08-24","2017-08-24"
"8191073464","2017-09-12","2017-09-20"
"950983296","2017-07-29","2017-07-29"
"10486023437","2017-07-10","2017-07-10"
"8545463996","2017-08-29","2017-08-29"
"10725380567","2017-07-07","2017-07-07"
"9381243534","2017-08-31","2017-08-31"
"10879901256","2017-09-04","2017-09-04"
"8193857282","2017-09-16","2017-09-16"
"10851669268","2017-08-22","2017-08-22"
"6730769363","2017-07-20","2017-07-20"
"10354458670","2017-09-04","2017-09-20"
"u33848845","2017-06-25","2017-06-30"
"3642248870","2017-06-29","2017-06-29"
"269531701","2017-08-04","2017-08-23"
"u80687","2017-07-11","2017-07-11"
"10738433066","2017-09-14","2017-09-14"
"10519544272","2017-07-03","2017-07-03"
"u6498790","2017-07-26","2017-07-27"
"167239496","2017-07-22","2017-07-22"
"6779374359","2017-08-16","2017-08-16"
"u32176469","2017-07-21","2017-07-21"
"955449939","2017-08-02","2017-08-04"
"1681528820","2017-07-25","2017-07-25"
"5972178761","2017-08-02","2017-08-02"
"10680822120","2017-07-28","2017-07-28"
"8859569160","2017-09-02","2017-09-05"
"10755963665","2017-07-16","2017-07-16"
"10834198312","2017-08-21","2017-08-21"
"2117068576","2017-06-29","2017-06-29"
"10705335073","2017-07-05","2017-07-11"
"4326301394","2017-07-03","2017-07-31"
"10754921298","2017-07-14","2017-07-14"
"8186347794","2017-08-04","2017-08-04"
"7543468565","2017-07-28","2017-07-28"
"10692206740","2017-08-08","2017-08-08"
"3558718683","2017-07-27","2017-07-27"
"10744395370","2017-07-05","2017-07-05"
"6992813937","2017-07-26","2017-07-26"
"10737401889","2017-07-01","2017-07-01"
"10706319384","2017-08-01","2017-08-01"
"251264625","2017-07-14","2017-07-14"
"10882528573","2017-09-02","2017-09-19"
"2211398623","2017-08-22","2017-08-22"
"10880090967","2017-09-05","2017-09-05"
"2321838652","2017-06-25","2017-07-16"
"9866674087","2017-09-07","2017-09-07"
"4931411002","2017-07-04","2017-07-07"
"10746457630","2017-07-06","2017-07-06"
"8400205611","2017-08-26","2017-08-26"
"10850896808","2017-08-24","2017-08-24"
"10925221469","2017-09-22","2017-09-22"
"3448958764","2017-07-20","2017-07-20"
"10750316019","2017-08-02","2017-08-02"
"u139988","2017-08-25","2017-08-25"
"10855760187","2017-09-07","2017-09-07"
"10316399752","2017-08-22","2017-08-22"
"6466918690","2017-07-21","2017-07-21"
"10741510529","2017-06-29","2017-06-29"
"4703459444","2017-09-26","2017-09-26"
"10823699729","2017-08-16","2017-08-16"
"734530155","2017-09-21","2017-09-21"
"3529078603","2017-07-24","2017-07-24"
"10740234829","2017-09-05","2017-09-05"
"u93577","2017-09-15","2017-09-15"
"10836873806","2017-08-15","2017-08-15"
"10781331537","2017-07-28","2017-07-28"
"449869804","2017-06-27","2017-07-29"
"83969931","2017-08-21","2017-08-21"
"9869485503","2017-06-21","2017-06-21"
"6205951001","2017-08-02","2017-08-02"
"10881771969","2017-09-04","2017-09-04"
"10454350468","2017-09-18","2017-09-18"
"10672981423","2017-07-06","2017-07-31"
"8859392645","2017-06-21","2017-07-08"
"u19150561","2017-06-22","2017-07-09"
"10346108746","2017-06-21","2017-06-21"
"10929268956","2017-09-27","2017-09-27"
"10880864078","2017-09-04","2017-09-04"
"10926440193","2017-09-21","2017-09-21"
"10504520223","2017-09-01","2017-09-12"
"6376242121","2017-07-06","2017-07-24"
"307012544","2017-07-27","2017-07-27"
"10754122889","2017-07-14","2017-07-14"
"10768713934","2017-07-18","2017-07-18"
"10719770532","2017-06-22","2017-06-22"
"10747066945","2017-07-05","2017-07-05"
"10859923034","2017-08-29","2017-08-29"
"10873346244","2017-09-04","2017-09-04"
"6889298753","2017-09-04","2017-09-04"
"8347952825","2017-07-04","2017-07-04"
"10530001982","2017-09-16","2017-09-16"
"10726267280","2017-06-29","2017-06-29"
"10624188464","2017-07-20","2017-07-26"
"9783381629","2017-07-21","2017-07-27"
"10751275042","2017-07-22","2017-07-22"
"10688923444","2017-07-31","2017-07-31"
"10836713111","2017-08-15","2017-08-15"
"6617338551","2017-09-18","2017-09-18"
"10792026682","2017-08-01","2017-08-01"
"10489916448","2017-08-23","2017-08-25"
"10747258645","2017-07-06","2017-07-06"
"1728098619","2017-07-23","2017-07-23"
"9854877625","2017-09-05","2017-09-14"
"3626498642","2017-07-23","2017-07-23"
"10921758678","2017-09-19","2017-09-19"
"u21470244","2017-07-31","2017-07-31"
"u11074","2017-07-21","2017-07-21"
"9700009713","2017-08-11","2017-09-20"
"6056193596","2017-09-16","2017-09-16"
"10758449955","2017-07-07","2017-07-07"
"9538463129","2017-08-03","2017-08-03"
"4157088541","2017-07-01","2017-07-01"
"3422068805","2017-08-26","2017-08-26"
"10814218804","2017-08-31","2017-09-02"
"10753142515","2017-07-26","2017-07-26"
"5954978567","2017-07-16","2017-07-25"
"1113148763","2017-06-28","2017-06-28"
"10655674349","2017-08-10","2017-08-10"
"10642637105","2017-09-05","2017-09-05"
"3278128550","2017-09-03","2017-09-17"
"u7009002","2017-09-09","2017-09-09"
"4829648639","2017-09-22","2017-09-22"
"9895060399","2017-09-18","2017-09-18"
"10411911778","2017-06-21","2017-06-21"
"u18631801","2017-09-09","2017-09-09"
"10829282460","2017-08-15","2017-08-15"
"10790699342","2017-07-28","2017-07-28"
"6172391169","2017-09-04","2017-09-04"
"10867635037","2017-09-01","2017-09-01"
"10893610798","2017-09-09","2017-09-09"
"155823067","2017-07-04","2017-07-05"
"10378881192","2017-07-26","2017-07-26"
"10825046044","2017-08-12","2017-08-12"
"10851884908","2017-08-25","2017-08-25"
"10554520508","2017-06-29","2017-06-29"
"8539046262","2017-07-27","2017-07-27"
"10859970230","2017-08-27","2017-08-27"
"10845200450","2017-08-20","2017-08-25"
"1688988565","2017-08-09","2017-08-09"
"10845718631","2017-08-17","2017-08-17"
"5096204067","2017-08-07","2017-08-07"
"10862770817","2017-08-31","2017-08-31"
"7855782092","2017-07-24","2017-07-24"
"10880843468","2017-09-05","2017-09-05"
"10315447288","2017-07-07","2017-07-07"
"7028883730","2017-09-13","2017-09-13"
"10923256836","2017-09-27","2017-09-27"
"u137197","2017-07-28","2017-07-28"
"10626521620","2017-09-25","2017-09-25"
"u10646068","2017-09-01","2017-09-01"
"99653978","2017-09-09","2017-09-09"
"10877103517","2017-09-22","2017-09-22"
"3554828611","2017-07-20","2017-07-23"
"10727152261","2017-06-21","2017-06-21"
"10844448972","2017-08-17","2017-08-17"
"10883663792","2017-09-16","2017-09-16"
"10879628775","2017-09-03","2017-09-03"
"1657578742","2017-09-12","2017-09-12"
"10889579969","2017-09-07","2017-09-07"
"10577210730","2017-06-27","2017-07-15"
"10887892803","2017-09-09","2017-09-09"
"10547402523","2017-07-27","2017-07-27"
"10600024202","2017-08-15","2017-08-15"
"10788036682","2017-07-30","2017-07-31"
"10458724515","2017-07-30","2017-07-30"
"9711811097","2017-07-27","2017-07-27"
"10380550104","2017-07-23","2017-07-23"
"10890929585","2017-09-10","2017-09-10"
"10824139548","2017-08-09","2017-08-09"
"10515697882","2017-06-28","2017-06-30"
"10698984554","2017-06-21","2017-06-21"
"10113845701","2017-06-24","2017-06-24"
"10841959337","2017-08-27","2017-08-27"
"10863469771","2017-08-29","2017-08-29"
"10783999283","2017-07-27","2017-07-27"
"8988114631","2017-08-15","2017-08-15"
"10408070276","2017-07-13","2017-07-14"
"10852984103","2017-08-25","2017-09-17"
"10883763541","2017-09-10","2017-09-10"
"4647763339","2017-09-05","2017-09-05"
"10724247377","2017-08-11","2017-08-11"
"u2433841","2017-07-25","2017-07-27"
"5467148556","2017-08-02","2017-08-02"
"10827811207","2017-08-10","2017-08-15"
"10907239812","2017-09-18","2017-09-18"
"u169247","2017-09-19","2017-09-20"
"10906650829","2017-09-12","2017-09-12"
"6597070971","2017-09-07","2017-09-07"
"3274608540","2017-09-11","2017-09-11"
"10885677327","2017-09-05","2017-09-07"
"10904800067","2017-09-14","2017-09-16"
"10380528441","2017-08-23","2017-08-23"
"u2260027","2017-07-28","2017-07-28"
"7959210318","2017-09-03","2017-09-03"
"10904891393","2017-09-12","2017-09-12"
"10900327495","2017-09-16","2017-09-16"
"10667730914","2017-07-30","2017-07-30"
"10795787672","2017-08-01","2017-08-01"
"10771719008","2017-07-19","2017-07-28"
"3384269080","2017-06-25","2017-06-25"
"u2543154","2017-06-23","2017-06-23"
"10877288659","2017-09-04","2017-09-04"
"u86020","2017-08-28","2017-08-28"
"u103033","2017-06-28","2017-06-28"
"9601689346","2017-06-29","2017-06-29"
"10746543630","2017-09-19","2017-09-19"
"8732499063","2017-08-07","2017-08-07"
"719518823","2017-09-08","2017-09-08"
"10913085881","2017-09-18","2017-09-18"
"9662745899","2017-07-28","2017-07-28"
"10774615529","2017-07-23","2017-07-29"
"10301072700","2017-07-07","2017-07-29"
"10485122529","2017-08-10","2017-08-10"
"6631758575","2017-08-24","2017-08-24"
"7787687147","2017-09-24","2017-09-24"
"5046779347","2017-09-09","2017-09-09"
"8987221867","2017-07-27","2017-07-27"
"9709019461","2017-08-26","2017-08-26"
"u26153268","2017-06-30","2017-06-30"
"10562311864","2017-08-02","2017-08-02"
"u39605","2017-07-19","2017-07-26"
"4332504952","2017-06-20","2017-07-17"
"7600632638","2017-07-17","2017-07-17"
"9605190860","2017-09-18","2017-09-18"
"10317348848","2017-09-04","2017-09-04"
"301043632","2017-08-03","2017-08-03"
"7429451986","2017-06-28","2017-07-27"
"9330312849","2017-07-03","2017-07-03"
"10903279874","2017-09-12","2017-09-12"
"6858808014","2017-07-06","2017-07-11"
"10399994037","2017-09-18","2017-09-18"
"3663448712","2017-09-18","2017-09-18"
"10900210353","2017-09-12","2017-09-12"
"939779411","2017-07-26","2017-07-26"
"10460080865","2017-08-04","2017-08-04"
"10649931723","2017-07-01","2017-07-01"
"10462008948","2017-09-02","2017-09-02"
"10836293420","2017-08-27","2017-09-05"
"10911424950","2017-09-20","2017-09-20"
"9848368736","2017-07-22","2017-07-22"
"10905969462","2017-09-15","2017-09-15"
"107597217","2017-07-20","2017-07-22"
"7524518597","2017-09-20","2017-09-20"
"10856750487","2017-08-23","2017-08-23"
"8574830912","2017-07-02","2017-07-02"
"3974918733","2017-06-23","2017-06-23"
"5059344988","2017-07-04","2017-07-04"
"10379728091","2017-09-14","2017-09-14"
"10821164411","2017-08-10","2017-08-10"
"10190371750","2017-08-08","2017-08-08"
"10183301071","2017-06-21","2017-06-21"
"10389329628","2017-07-26","2017-07-26"
"9705129258","2017-08-15","2017-08-15"
"5396808831","2017-07-20","2017-07-30"
"10800509865","2017-08-01","2017-08-01"
"8475755346","2017-08-07","2017-08-07"
"10768081266","2017-07-20","2017-07-20"
"9850228857","2017-07-06","2017-07-06"
"10824239848","2017-08-09","2017-08-10"
"10592633752","2017-07-17","2017-07-17"
"10585151704","2017-09-18","2017-09-18"
"10696838444","2017-07-17","2017-07-19"
"9105971858","2017-07-20","2017-07-20"
"10272020473","2017-08-02","2017-08-02"
"10482370374","2017-08-20","2017-09-19"
"10912103744","2017-09-18","2017-09-18"
"10416621479","2017-07-21","2017-07-21"
"206180446","2017-09-18","2017-09-18"
"4805489075","2017-09-13","2017-09-13"
"10355599803","2017-06-26","2017-07-27"
"10731213094","2017-07-26","2017-07-26"
"10467983818","2017-07-19","2017-07-19"
"5603380207","2017-09-15","2017-09-15"
"10806609717","2017-08-05","2017-08-05"
"8881679299","2017-06-28","2017-08-01"
"9852175024","2017-07-20","2017-07-20"
"10368342490","2017-07-16","2017-07-16"
"10450029367","2017-06-21","2017-06-21"
